FREQ_ID,FREQ_NAME,REF_AREA_ID,REF_AREA_NAME,INDICATOR_ID,INDICATOR_NAME,UNIT_MEASURE_ID,UNIT_MEASURE_NAME,DECIMALS_ID,DECIMALS_NAME,DATABASE_ID_ID,DATABASE_ID_NAME,UNIT_MULT_ID,UNIT_MULT_NAME,OBS_STATUS_ID,OBS_STATUS_NAME,1991,1992,1993,1994,1995,1996,1997,1998,1999,2000,2001,2002,2003,2004,2005,2006,2007,2008,2009,2010,2011,2012,2013,2014,2015,2016,2017,2018,2019,2020,2021,2022,2023,2024
A,Annual,AFG,Afghanistan,WB_HCP_EMP_2WAP_A,Labor force participation rate (%),PT,Percentage,1,One,WB_HCP,Human Capital Project,0,Units,A,Normal value,51.843,51.854,51.854,51.855,51.865,51.835,51.796,51.754,51.71,51.664,51.61,51.583,51.58,51.605,51.655,51.731,51.842,51.981,52.105,52.213,52.263,52.285,52.368,52.428,52.477,52.52,52.548,50.676,48.799,46.388,45.992,39.662,38.745,38.859
A,Annual,AGO,Angola,WB_HCP_EMP_2WAP_A,Labor force participation rate (%),PT,Percentage,1,One,WB_HCP,Human Capital Project,0,Units,A,Normal value,87.505,87.444,87.427,87.455,87.527,87.575,87.664,87.782,87.922,88.077,88.168,88.273,88.377,88.467,88.534,88.514,88.481,88.43,88.365,88.29,88.073,87.771,87.461,87.15,86.846,86.556,86.284,86.029,85.792,86.079,87.845,87.118,86.956,86.857
A,Annual,ALB,Albania,WB_HCP_EMP_2WAP_A,Labor force participation rate (%),PT,Percentage,1,One,WB_HCP,Human Capital Project,0,Units,A,Normal value,67.563,68.091,67.117,66.311,65.233,64.53,65.243,64.573,63.75,63.325,62.866,62.643,62.184,61.709,61.21,60.673,60.089,59.449,61.248,61.748,64.663,63.068,59.495,60.169,61.946,63.858,64.516,64.8,65.559,62.327,63.574,65.338,65.052,64.299
A,Annual,ARE,United Arab Emirates,WB_HCP_EMP_2WAP_A,Labor force participation rate (%),PT,Percentage,1,One,WB_HCP,Human Capital Project,0,Units,A,Normal value,82.016,82.304,82.664,82.838,82.984,83.122,83.187,83.308,83.459,83.625,83.846,84.085,84.319,84.551,84.84,85.477,86.319,87.149,87.825,88.037,87.934,87.83,87.723,87.615,87.512,87.477,87.35,86.867,87.849,88.564,85.905,86.84,87.061,87.149
A,Annual,ARG,Argentina,WB_HCP_EMP_2WAP_A,Labor force participation rate (%),PT,Percentage,1,One,WB_HCP,Human Capital Project,0,Units,A,Normal value,63.828,64.865,65.955,66.701,66.091,66.778,67.836,68.244,67.499,67.16,66.229,64.183,65.293,66.418,66.409,66.66,66.17,65.677,66.145,65.737,66.324,66.014,65.56,65.252,64.879,64.5,64.117,64.909,65.792,61.852,66.225,66.187,66.432,66.24
A,Annual,ARM,Armenia,WB_HCP_EMP_2WAP_A,Labor force participation rate (%),PT,Percentage,1,One,WB_HCP,Human Capital Project,0,Units,A,Normal value,71.591,71.001,70.175,69.456,68.895,68.491,68.164,67.928,67.749,67.533,67.211,66.805,66.391,66.044,65.779,65.627,65.652,65.804,66.313,66.528,66.58,66.535,66.476,66.385,66.248,66.027,65.851,65.631,66.334,66.366,67.57,65.851,65.155,64.532
A,Annual,AUS,Australia,WB_HCP_EMP_2WAP_A,Labor force participation rate (%),PT,Percentage,1,One,WB_HCP,Human Capital Project,0,Units,A,Normal value,61.477,61.227,60.914,61.113,61.652,61.678,61.6,61.536,61.263,61.684,61.78,62.008,62.222,62.079,63.074,63.521,64.035,64.386,64.685,64.784,64.888,64.696,64.589,64.357,64.572,64.512,64.853,65.221,65.546,64.81,65.366,65.766,66.118,66.1
A,Annual,AUT,Austria,WB_HCP_EMP_2WAP_A,Labor force participation rate (%),PT,Percentage,1,One,WB_HCP,Human Capital Project,0,Units,A,Normal value,54.164,54.98,55.695,58.454,59.007,58.688,58.443,58.899,59.094,59.152,58.835,59.502,59.905,58.433,58.717,59.335,60.075,60.328,60.665,60.803,60.751,61.061,61.298,61.166,61.286,61.83,62.041,62.14,62.156,61.554,61.903,62.171,62.022,62.129
A,Annual,AZE,Azerbaijan,WB_HCP_EMP_2WAP_A,Labor force participation rate (%),PT,Percentage,1,One,WB_HCP,Human Capital Project,0,Units,A,Normal value,79.035,80.131,81.816,83.699,85.046,85.116,84.824,84.234,83.825,83.036,81.41,79.624,77.738,75.793,73.716,72.794,70.422,70.272,70.486,70.656,70.785,70.845,70.465,70.547,70.583,71.011,70.883,70.81,73.3,72.107,72.71,74.936,75.186,74.986
A,Annual,BDI,Burundi,WB_HCP_EMP_2WAP_A,Labor force participation rate (%),PT,Percentage,1,One,WB_HCP,Human Capital Project,0,Units,A,Normal value,94.891,94.795,94.546,94.381,94.369,94.193,93.994,93.832,93.282,92.641,91.919,91.097,90.166,89.122,87.923,86.555,87.714,88.766,89.729,90.584,91.326,91.986,92.571,93.09,92.782,92.415,92.054,91.699,91.339,90.117,90.721,91.0,91.2,91.39
A,Annual,BEL,Belgium,WB_HCP_EMP_2WAP_A,Labor force participation rate (%),PT,Percentage,1,One,WB_HCP,Human Capital Project,0,Units,A,Normal value,51.824,52.239,52.645,53.155,53.58,53.585,53.797,54.038,55.214,55.15,53.867,54.175,54.412,55.115,56.426,56.256,56.96,57.147,57.061,57.743,56.805,56.934,57.358,57.402,57.163,57.138,57.994,58.105,58.097,57.836,58.326,58.895,58.629,58.792
A,Annual,BEN,Benin,WB_HCP_EMP_2WAP_A,Labor force participation rate (%),PT,Percentage,1,One,WB_HCP,Human Capital Project,0,Units,A,Normal value,75.297,75.327,75.679,76.026,76.38,76.753,77.14,77.535,77.939,78.351,78.768,79.191,80.144,81.099,82.039,82.96,83.863,84.759,85.679,86.592,87.451,86.32,85.121,83.868,82.555,81.179,79.754,78.291,78.205,77.346,75.863,77.961,78.318,78.363
A,Annual,BFA,Burkina Faso,WB_HCP_EMP_2WAP_A,Labor force participation rate (%),PT,Percentage,1,One,WB_HCP,Human Capital Project,0,Units,A,Normal value,86.604,86.087,85.561,85.024,84.475,83.911,83.33,82.727,82.097,81.442,80.755,80.035,79.275,78.478,77.65,76.794,76.428,76.046,75.647,75.23,74.797,74.353,73.897,73.434,73.444,73.459,73.484,73.525,73.585,72.89,73.53,73.74,73.585,73.344
A,Annual,BGD,Bangladesh,WB_HCP_EMP_2WAP_A,Labor force participation rate (%),PT,Percentage,1,One,WB_HCP,Human Capital Project,0,Units,A,Normal value,62.582,62.685,62.794,62.898,62.995,63.073,63.132,63.174,63.208,63.244,63.263,63.283,63.305,63.328,63.35,63.345,63.345,63.332,63.323,63.312,63.293,63.272,63.25,63.217,63.169,63.12,65.198,65.254,65.287,64.626,65.623,65.053,64.783,64.422
A,Annual,BGR,Bulgaria,WB_HCP_EMP_2WAP_A,Labor force participation rate (%),PT,Percentage,1,One,WB_HCP,Human Capital Project,0,Units,A,Normal value,59.183,59.334,58.762,58.159,57.541,56.91,56.273,55.612,54.899,54.151,54.711,54.547,53.918,54.551,53.769,55.404,56.849,57.936,56.976,56.987,56.076,56.408,57.268,57.689,57.623,56.92,58.793,58.99,60.325,59.418,59.37,60.716,60.201,61.244
A,Annual,BHR,Bahrain,WB_HCP_EMP_2WAP_A,Labor force participation rate (%),PT,Percentage,1,One,WB_HCP,Human Capital Project,0,Units,A,Normal value,72.666,72.676,72.705,72.771,72.883,73.043,73.256,73.519,73.833,74.19,74.566,74.939,75.358,75.886,76.473,77.075,77.682,78.261,78.773,79.035,78.479,78.395,77.971,77.075,76.651,77.034,77.456,77.725,77.682,76.321,76.278,76.637,76.793,76.88
A,Annual,BHS,"Bahamas, The",WB_HCP_EMP_2WAP_A,Labor force participation rate (%),PT,Percentage,1,One,WB_HCP,Human Capital Project,0,Units,A,Normal value,78.541,79.157,79.723,80.208,80.368,80.533,80.836,80.666,81.145,81.246,81.278,81.294,81.118,80.996,80.963,80.922,80.814,80.55,80.217,80.14,80.047,80.033,79.78,79.673,79.512,79.434,79.409,79.346,79.189,73.803,75.86,77.837,77.91,77.593
A,Annual,BIH,Bosnia and Herzegovina,WB_HCP_EMP_2WAP_A,Labor force participation rate (%),PT,Percentage,1,One,WB_HCP,Human Capital Project,0,Units,A,Normal value,49.244,48.441,47.282,46.35,45.824,45.914,45.99,45.998,45.963,45.872,45.789,45.9,45.935,45.87,45.81,45.801,46.467,47.577,47.493,48.237,48.056,48.775,48.557,49.42,48.86,48.939,48.595,48.305,49.024,49.08,52.477,53.326,53.006,52.427
A,Annual,BLR,Belarus,WB_HCP_EMP_2WAP_A,Labor force participation rate (%),PT,Percentage,1,One,WB_HCP,Human Capital Project,0,Units,A,Normal value,62.647,62.321,62.021,61.896,61.897,61.664,61.409,61.422,61.627,62.341,62.904,63.338,63.666,63.926,64.235,64.593,65.0,65.436,65.876,66.26,66.604,66.849,66.994,67.089,67.174,67.246,67.234,67.446,67.447,67.281,67.775,68.131,67.912,67.597
A,Annual,BLZ,Belize,WB_HCP_EMP_2WAP_A,Labor force participation rate (%),PT,Percentage,1,One,WB_HCP,Human Capital Project,0,Units,A,Normal value,60.075,61.011,61.542,61.443,62.957,64.362,65.669,65.178,65.979,66.219,66.494,66.79,67.087,67.396,67.705,68.009,68.302,68.588,68.876,69.173,69.464,69.734,69.989,70.282,71.061,71.803,71.108,70.015,68.859,66.3,66.146,68.182,68.532,68.561
A,Annual,BOL,Bolivia,WB_HCP_EMP_2WAP_A,Labor force participation rate (%),PT,Percentage,1,One,WB_HCP,Human Capital Project,0,Units,A,Normal value,77.527,77.455,77.74,78.044,78.356,78.63,78.997,79.118,79.247,78.692,78.832,79.001,79.17,79.336,79.497,80.985,79.866,81.319,81.846,81.259,80.659,79.119,79.404,79.923,76.767,77.206,78.399,80.629,79.124,77.371,77.063,79.545,80.399,81.449
A,Annual,BRA,Brazil,WB_HCP_EMP_2WAP_A,Labor force participation rate (%),PT,Percentage,1,One,WB_HCP,Human Capital Project,0,Units,A,Normal value,63.498,63.784,64.067,64.347,64.624,63.143,64.128,64.332,65.006,65.598,66.18,66.793,66.741,67.083,67.455,67.475,67.017,66.854,67.215,66.146,65.051,65.76,65.952,65.871,66.247,66.225,66.324,66.311,66.586,62.46,64.051,64.976,64.667,64.818
A,Annual,BRB,Barbados,WB_HCP_EMP_2WAP_A,Labor force participation rate (%),PT,Percentage,1,One,WB_HCP,Human Capital Project,0,Units,A,Normal value,67.7,67.345,68.077,68.799,69.101,67.681,69.3,69.396,69.619,70.838,72.038,70.893,71.981,72.353,72.346,70.422,70.449,70.331,70.4,70.474,70.558,70.013,70.617,67.409,68.233,69.68,68.812,67.277,65.708,64.383,64.616,65.756,65.692,65.361
A,Annual,BRN,Brunei Darussalam,WB_HCP_EMP_2WAP_A,Labor force participation rate (%),PT,Percentage,1,One,WB_HCP,Human Capital Project,0,Units,A,Normal value,73.171,73.168,73.283,73.469,73.724,74.047,74.429,74.843,75.253,75.634,75.974,76.09,76.141,76.114,76.003,75.812,75.554,75.248,74.911,74.556,74.194,73.248,72.322,71.436,70.601,69.8,69.018,71.879,70.565,69.918,69.991,70.566,70.441,70.071
A,Annual,BTN,Bhutan,WB_HCP_EMP_2WAP_A,Labor force participation rate (%),PT,Percentage,1,One,WB_HCP,Human Capital Project,0,Units,A,Normal value,78.175,78.313,78.473,78.635,78.784,78.868,78.939,79.0,79.132,79.34,79.52,79.679,79.807,79.91,79.956,79.976,79.968,79.956,79.931,81.347,81.067,78.859,80.929,77.562,76.633,76.28,75.895,75.5,79.868,81.151,82.314,83.222,82.454,81.571
A,Annual,BWA,Botswana,WB_HCP_EMP_2WAP_A,Labor force participation rate (%),PT,Percentage,1,One,WB_HCP,Human Capital Project,0,Units,A,Normal value,66.152,66.337,66.513,66.734,67.008,67.266,67.565,67.864,68.226,68.552,68.584,68.603,68.594,68.534,68.428,68.286,70.2,72.032,73.781,69.291,69.876,70.43,70.983,71.549,72.134,72.731,73.322,73.906,74.5,72.192,73.762,73.994,73.872,73.759
A,Annual,CAF,Central African Republic,WB_HCP_EMP_2WAP_A,Labor force participation rate (%),PT,Percentage,1,One,WB_HCP,Human Capital Project,0,Units,A,Normal value,80.873,80.812,80.804,80.849,80.936,80.991,81.11,81.278,81.496,81.765,81.911,82.07,82.243,82.394,82.519,82.523,82.527,82.535,82.565,82.634,82.527,82.48,82.495,82.645,82.879,83.292,83.737,84.209,84.666,84.019,84.436,85.028,85.173,85.185
A,Annual,CAN,Canada,WB_HCP_EMP_2WAP_A,Labor force participation rate (%),PT,Percentage,1,One,WB_HCP,Human Capital Project,0,Units,A,Normal value,66.234,65.597,65.53,65.416,65.16,65.165,65.559,65.799,65.946,66.035,66.16,66.924,67.604,67.618,67.391,67.173,67.529,67.601,67.428,67.373,67.125,67.059,66.944,66.312,66.122,66.053,66.078,65.763,65.901,64.399,65.272,65.086,65.325,65.746
A,Annual,CHE,Switzerland,WB_HCP_EMP_2WAP_A,Labor force participation rate (%),PT,Percentage,1,One,WB_HCP,Human Capital Project,0,Units,A,Normal value,64.125,64.023,64.283,63.946,64.225,67.68,67.427,68.092,67.67,67.211,67.805,67.469,67.605,67.305,67.197,67.141,67.661,68.365,68.388,66.819,67.282,67.511,67.466,67.912,68.247,68.603,68.406,68.551,68.478,68.269,67.655,66.86,66.587,66.568
A,Annual,CHI,Channel Islands,WB_HCP_EMP_2WAP_A,Labor force participation rate (%),PT,Percentage,1,One,WB_HCP,Human Capital Project,0,Units,A,Normal value,58.287,58.52,58.35,58.343,58.671,59.284,59.728,59.979,60.502,60.495,61.118,62.256,62.659,62.637,62.23,61.701,61.073,61.353,62.007,61.998,60.933,60.958,60.858,60.774,60.747,60.735,60.57,60.367,60.261,59.337,59.438,59.233,59.116,58.926
A,Annual,CHL,Chile,WB_HCP_EMP_2WAP_A,Labor force participation rate (%),PT,Percentage,1,One,WB_HCP,Human Capital Project,0,Units,A,Normal value,56.528,57.894,58.572,59.017,60.046,60.771,60.88,61.462,61.555,61.063,60.277,59.794,60.483,60.841,61.287,62.599,63.015,63.833,63.822,64.361,65.707,65.572,65.674,65.864,65.604,65.421,65.732,65.636,65.596,62.523,63.703,66.022,67.142,66.414
A,Annual,CHN,China,WB_HCP_EMP_2WAP_A,Labor force participation rate (%),PT,Percentage,1,One,WB_HCP,Human Capital Project,0,Units,A,Normal value,79.601,79.626,79.621,79.585,79.53,79.463,79.404,79.337,79.267,79.228,78.799,78.4,78.01,77.604,77.189,76.725,76.181,75.616,75.044,74.43,74.417,73.871,73.321,72.902,72.421,71.89,71.289,70.697,70.236,69.097,70.022,69.811,69.224,68.828
A,Annual,CIV,Cote d'Ivoire,WB_HCP_EMP_2WAP_A,Labor force participation rate (%),PT,Percentage,1,One,WB_HCP,Human Capital Project,0,Units,A,Normal value,72.507,72.729,72.987,73.252,73.509,73.593,73.65,73.653,73.731,73.768,73.781,73.767,73.775,73.825,73.899,73.989,74.096,74.216,74.345,74.495,74.668,74.875,75.096,75.297,75.491,75.681,75.868,76.061,76.258,75.552,75.743,76.391,76.409,76.353
A,Annual,CMR,Cameroon,WB_HCP_EMP_2WAP_A,Labor force participation rate (%),PT,Percentage,1,One,WB_HCP,Human Capital Project,0,Units,A,Normal value,88.305,88.329,88.389,88.49,88.636,88.753,88.922,89.127,89.347,89.576,89.732,89.888,90.036,90.17,90.291,90.307,90.321,89.48,88.515,87.392,86.893,86.322,85.697,85.032,84.924,84.811,84.725,84.682,84.682,83.825,83.428,84.976,85.107,84.973
A,Annual,COD,"Congo, Dem. Rep.",WB_HCP_EMP_2WAP_A,Labor force participation rate (%),PT,Percentage,1,One,WB_HCP,Human Capital Project,0,Units,A,Normal value,86.921,86.82,86.718,86.645,86.569,86.397,86.308,86.331,86.43,86.568,86.695,86.86,87.039,87.208,87.348,86.848,86.305,85.707,85.059,84.406,83.73,82.967,82.947,82.92,82.911,82.881,82.863,82.871,82.889,82.032,82.632,82.98,83.016,82.934
A,Annual,COG,"Congo, Rep.",WB_HCP_EMP_2WAP_A,Labor force participation rate (%),PT,Percentage,1,One,WB_HCP,Human Capital Project,0,Units,A,Normal value,81.538,81.642,81.743,81.796,81.826,81.854,81.878,81.897,81.928,81.929,81.83,81.714,81.605,81.498,81.365,81.218,81.048,80.874,80.674,80.441,80.119,79.84,79.603,79.424,79.298,79.252,79.277,79.347,79.463,78.705,79.602,79.675,79.917,80.034
A,Annual,COL,Colombia,WB_HCP_EMP_2WAP_A,Labor force participation rate (%),PT,Percentage,1,One,WB_HCP,Human Capital Project,0,Units,A,Normal value,70.999,71.217,71.662,72.188,72.636,72.613,72.823,72.6,71.612,71.775,71.748,70.597,71.523,71.173,70.148,69.755,69.34,69.795,72.14,72.394,72.536,72.873,72.204,71.897,71.868,71.378,70.984,70.21,69.304,67.966,68.613,68.01,67.963,67.316
A,Annual,COM,Comoros,WB_HCP_EMP_2WAP_A,Labor force participation rate (%),PT,Percentage,1,One,WB_HCP,Human Capital Project,0,Units,A,Normal value,55.335,55.429,55.52,55.607,55.724,55.854,55.998,56.144,56.152,56.062,56.047,56.125,56.311,56.32,56.683,57.052,57.399,57.732,58.056,58.382,58.717,59.062,59.417,59.78,59.591,59.407,59.062,58.531,57.979,57.031,57.141,57.195,57.101,56.982
A,Annual,CPV,Cabo Verde,WB_HCP_EMP_2WAP_A,Labor force participation rate (%),PT,Percentage,1,One,WB_HCP,Human Capital Project,0,Units,A,Normal value,59.786,60.232,60.688,61.159,61.65,62.163,62.691,63.229,63.771,64.26,64.677,65.065,65.421,65.744,66.044,66.328,66.602,66.865,67.108,67.345,67.692,67.97,68.189,68.355,68.469,68.516,68.491,64.265,66.716,63.463,63.795,66.766,66.982,66.667
A,Annual,CRI,Costa Rica,WB_HCP_EMP_2WAP_A,Labor force participation rate (%),PT,Percentage,1,One,WB_HCP,Human Capital Project,0,Units,A,Normal value,57.636,57.111,57.772,58.691,59.748,58.356,60.756,61.886,62.737,61.942,63.434,63.379,63.421,62.862,65.626,64.516,64.844,64.851,64.759,63.842,65.879,69.184,68.298,68.711,67.504,64.251,64.313,66.378,68.882,64.574,65.529,65.662,61.664,64.311
A,Annual,CUB,Cuba,WB_HCP_EMP_2WAP_A,Labor force participation rate (%),PT,Percentage,1,One,WB_HCP,Human Capital Project,0,Units,A,Normal value,57.087,55.825,54.348,54.16,54.093,54.372,54.336,54.175,54.429,54.701,54.84,54.901,55.137,55.523,56.247,57.027,57.504,57.753,58.625,57.787,58.47,58.59,58.675,58.641,58.817,58.766,58.815,58.905,58.852,55.378,56.431,58.323,58.582,58.578
A,Annual,CYP,Cyprus,WB_HCP_EMP_2WAP_A,Labor force participation rate (%),PT,Percentage,1,One,WB_HCP,Human Capital Project,0,Units,A,Normal value,61.06,61.477,61.948,62.427,62.934,63.477,64.055,64.653,65.25,65.815,67.223,68.136,69.333,68.906,68.986,69.638,70.677,70.434,70.173,70.526,70.003,69.383,68.977,68.727,67.08,65.661,65.976,66.256,66.798,66.506,67.044,68.375,68.406,68.732
A,Annual,CZE,Czechia,WB_HCP_EMP_2WAP_A,Labor force participation rate (%),PT,Percentage,1,One,WB_HCP,Human Capital Project,0,Units,A,Normal value,63.863,63.907,63.962,64.061,64.311,64.266,64.282,63.947,63.963,63.598,63.603,63.815,63.643,63.65,64.112,63.969,63.598,63.326,63.3,63.021,62.783,62.838,63.361,63.148,63.103,63.612,63.883,64.328,64.143,63.751,63.856,63.986,64.264,64.866
A,Annual,DEU,Germany,WB_HCP_EMP_2WAP_A,Labor force participation rate (%),PT,Percentage,1,One,WB_HCP,Human Capital Project,0,Units,A,Normal value,59.219,58.789,58.656,58.678,58.521,58.704,58.868,58.829,58.928,58.528,58.563,58.388,58.542,58.344,59.8,60.293,60.333,60.332,60.558,60.598,61.244,61.463,61.743,61.924,61.78,62.648,62.782,62.79,63.345,61.837,61.654,62.309,62.569,62.158
A,Annual,DJI,Djibouti,WB_HCP_EMP_2WAP_A,Labor force participation rate (%),PT,Percentage,1,One,WB_HCP,Human Capital Project,0,Units,A,Normal value,40.599,40.669,40.776,40.875,40.925,40.992,41.015,41.005,40.988,40.972,40.917,40.867,40.804,40.729,40.658,40.601,40.531,40.442,40.332,40.207,40.098,39.978,39.858,39.746,39.637,39.553,39.461,39.36,39.25,38.558,38.465,39.075,39.154,39.035
A,Annual,DNK,Denmark,WB_HCP_EMP_2WAP_A,Labor force participation rate (%),PT,Percentage,1,One,WB_HCP,Human Capital Project,0,Units,A,Normal value,66.702,67.312,66.739,63.453,62.958,63.596,63.848,64.064,64.526,64.498,64.819,65.134,65.418,65.851,65.253,65.281,64.901,64.404,63.789,63.417,62.994,62.551,62.026,61.81,61.847,62.036,61.963,62.133,62.589,62.332,62.905,63.502,63.55,63.874
A,Annual,DOM,Dominican Republic,WB_HCP_EMP_2WAP_A,Labor force participation rate (%),PT,Percentage,1,One,WB_HCP,Human Capital Project,0,Units,A,Normal value,61.437,62.183,62.584,62.552,62.797,63.07,63.592,63.931,64.211,64.386,63.188,63.427,63.181,63.158,63.018,63.942,63.553,63.836,62.613,63.799,64.956,66.363,66.071,66.353,68.442,68.663,68.808,70.176,71.329,67.157,68.712,68.58,69.527,69.254
A,Annual,DZA,Algeria,WB_HCP_EMP_2WAP_A,Labor force participation rate (%),PT,Percentage,1,One,WB_HCP,Human Capital Project,0,Units,A,Normal value,45.665,45.897,46.324,46.722,46.939,47.173,47.309,47.433,47.531,47.613,47.672,47.702,47.695,47.645,47.549,47.411,47.236,47.027,46.778,46.949,47.115,47.257,48.77,45.399,46.651,46.8,46.541,46.313,46.159,43.623,44.024,46.462,47.033,47.19
A,Annual,ECU,Ecuador,WB_HCP_EMP_2WAP_A,Labor force participation rate (%),PT,Percentage,1,One,WB_HCP,Human Capital Project,0,Units,A,Normal value,70.899,70.759,70.604,70.81,70.722,70.569,71.687,72.617,70.596,68.548,69.275,69.992,70.697,73.133,73.02,73.545,73.203,72.848,70.434,69.631,69.385,69.699,70.004,70.7,73.733,75.585,75.935,74.23,73.467,66.629,72.019,72.055,71.394,71.614
A,Annual,EGY,"Egypt, Arab Rep.",WB_HCP_EMP_2WAP_A,Labor force participation rate (%),PT,Percentage,1,One,WB_HCP,Human Capital Project,0,Units,A,Normal value,54.285,54.237,54.956,56.129,54.63,54.219,53.802,53.388,53.877,53.388,52.839,49.404,50.327,51.225,52.099,52.956,54.353,52.866,53.307,55.545,55.08,54.456,53.874,53.548,52.488,52.156,50.626,49.929,48.942,48.107,49.441,50.534,50.799,50.825
A,Annual,ERI,Eritrea,WB_HCP_EMP_2WAP_A,Labor force participation rate (%),PT,Percentage,1,One,WB_HCP,Human Capital Project,0,Units,A,Normal value,83.868,83.684,83.547,83.399,83.41,83.505,83.454,83.398,83.321,83.283,83.393,83.521,83.692,83.826,83.864,83.836,83.779,83.843,83.812,83.759,83.641,83.535,83.509,83.247,83.263,83.182,83.195,83.108,83.088,82.292,82.695,83.164,83.306,83.315
A,Annual,ESP,Spain,WB_HCP_EMP_2WAP_A,Labor force participation rate (%),PT,Percentage,1,One,WB_HCP,Human Capital Project,0,Units,A,Normal value,50.633,50.897,51.353,51.83,51.982,52.538,53.04,53.301,53.65,54.696,53.798,55.354,56.524,57.449,58.226,59.156,59.867,60.757,61.225,61.619,61.854,62.096,61.78,61.52,61.498,61.439,60.967,60.737,60.749,59.865,60.938,60.926,61.008,60.905
A,Annual,EST,Estonia,WB_HCP_EMP_2WAP_A,Labor force participation rate (%),PT,Percentage,1,One,WB_HCP,Human Capital Project,0,Units,A,Normal value,69.956,67.606,65.826,65.121,64.512,64.198,64.822,63.985,63.295,62.889,62.52,62.152,62.552,62.462,62.935,65.489,64.941,65.092,64.825,64.618,64.976,64.623,64.594,64.225,64.806,65.276,65.759,65.754,65.831,66.018,66.234,67.86,68.738,68.633
A,Annual,ETH,Ethiopia,WB_HCP_EMP_2WAP_A,Labor force participation rate (%),PT,Percentage,1,One,WB_HCP,Human Capital Project,0,Units,A,Normal value,80.653,80.616,80.601,80.6,81.09,81.576,82.05,82.514,82.979,83.443,83.906,84.371,84.832,85.281,85.721,85.646,85.574,85.504,85.428,85.336,85.227,85.102,84.967,85.189,85.405,85.563,85.724,85.878,86.012,85.126,85.986,86.138,86.126,86.071
A,Annual,FIN,Finland,WB_HCP_EMP_2WAP_A,Labor force participation rate (%),PT,Percentage,1,One,WB_HCP,Human Capital Project,0,Units,A,Normal value,64.615,63.911,63.417,63.098,61.531,61.348,62.195,62.062,62.866,62.983,63.298,63.275,62.995,62.386,62.506,62.602,62.571,62.834,62.175,61.652,61.46,61.089,60.328,60.067,60.008,59.613,59.733,60.385,60.232,60.005,60.769,61.341,61.456,61.448
A,Annual,FJI,Fiji,WB_HCP_EMP_2WAP_A,Labor force participation rate (%),PT,Percentage,1,One,WB_HCP,Human Capital Project,0,Units,A,Normal value,66.052,66.052,66.035,66.09,66.138,66.249,66.467,66.686,66.901,67.074,67.173,67.218,67.22,67.169,65.209,66.385,67.526,68.658,69.782,70.886,71.987,70.023,68.04,66.058,64.792,63.547,63.461,63.379,63.279,61.469,61.123,63.205,63.771,63.848
A,Annual,FRA,France,WB_HCP_EMP_2WAP_A,Labor force participation rate (%),PT,Percentage,1,One,WB_HCP,Human Capital Project,0,Units,A,Normal value,58.958,59.158,59.391,59.581,59.646,60.074,59.812,59.721,59.631,59.596,59.293,59.316,60.089,59.966,60.079,59.939,59.914,59.958,60.062,60.023,59.894,60.216,60.032,59.767,59.61,59.434,59.075,58.938,58.67,57.991,58.889,58.84,58.539,58.569
A,Annual,GAB,Gabon,WB_HCP_EMP_2WAP_A,Labor force participation rate (%),PT,Percentage,1,One,WB_HCP,Human Capital Project,0,Units,A,Normal value,62.766,62.952,63.14,63.325,63.504,63.678,63.84,63.986,64.119,64.229,64.308,64.358,64.372,64.346,64.275,64.143,63.962,63.74,63.478,63.176,62.833,62.467,62.095,61.73,61.382,61.107,60.855,60.635,60.46,56.92,57.467,60.181,60.624,60.619
A,Annual,GBR,United Kingdom,WB_HCP_EMP_2WAP_A,Labor force participation rate (%),PT,Percentage,1,One,WB_HCP,Human Capital Project,0,Units,A,Normal value,61.07,61.264,61.08,61.189,61.183,61.2,61.424,61.391,61.433,61.643,61.488,61.679,61.997,61.939,62.278,62.761,62.733,63.048,63.192,63.085,63.099,63.191,63.396,63.549,63.491,63.731,63.839,64.088,64.301,64.138,63.961,63.466,63.527,63.476
A,Annual,GEO,Georgia,WB_HCP_EMP_2WAP_A,Labor force participation rate (%),PT,Percentage,1,One,WB_HCP,Human Capital Project,0,Units,A,Normal value,73.234,73.752,74.354,75.046,74.517,73.443,72.536,72.194,73.05,70.763,73.656,72.584,73.15,73.216,71.996,70.557,71.852,70.711,71.353,72.003,72.138,73.345,72.75,73.0,73.881,73.695,70.843,67.981,67.137,67.511,68.373,67.343,67.052,66.945
A,Annual,GHA,Ghana,WB_HCP_EMP_2WAP_A,Labor force participation rate (%),PT,Percentage,1,One,WB_HCP,Human Capital Project,0,Units,A,Normal value,87.49,87.45,87.466,87.497,87.53,87.559,87.569,87.546,87.457,87.291,87.135,86.894,86.559,86.172,85.745,85.297,84.816,84.28,83.738,83.215,82.687,82.163,81.666,81.205,80.785,80.689,80.628,80.597,80.596,79.949,79.911,80.941,80.821,80.534
A,Annual,GIN,Guinea,WB_HCP_EMP_2WAP_A,Labor force participation rate (%),PT,Percentage,1,One,WB_HCP,Human Capital Project,0,Units,A,Normal value,73.502,73.427,73.372,73.337,73.322,73.244,73.193,73.185,73.225,73.307,73.334,73.429,73.318,73.211,73.11,73.017,72.92,72.799,72.641,72.431,72.17,71.857,71.468,71.006,70.487,69.898,69.236,68.517,67.772,66.904,66.58,66.969,66.944,66.794
A,Annual,GMB,"Gambia, The",WB_HCP_EMP_2WAP_A,Labor force participation rate (%),PT,Percentage,1,One,WB_HCP,Human Capital Project,0,Units,A,Normal value,67.194,67.086,66.928,66.977,67.072,67.206,67.356,67.52,67.701,67.901,68.116,68.339,68.496,68.582,68.668,68.757,68.85,68.945,69.035,69.119,69.199,69.283,69.684,70.09,70.492,70.89,71.283,71.687,71.73,71.28,71.788,72.31,72.364,72.357
A,Annual,GNB,Guinea-Bissau,WB_HCP_EMP_2WAP_A,Labor force participation rate (%),PT,Percentage,1,One,WB_HCP,Human Capital Project,0,Units,A,Normal value,65.889,66.185,66.454,66.718,67.0,67.172,67.359,67.557,67.715,67.826,67.901,67.945,67.982,67.994,67.937,67.79,67.635,67.485,67.342,67.209,67.066,66.955,66.87,66.808,66.783,66.775,66.779,66.792,66.808,66.156,66.829,66.753,66.746,66.67
A,Annual,GNQ,Equatorial Guinea,WB_HCP_EMP_2WAP_A,Labor force participation rate (%),PT,Percentage,1,One,WB_HCP,Human Capital Project,0,Units,A,Normal value,67.009,66.884,66.781,66.715,66.692,66.707,66.749,66.799,66.874,67.13,67.576,68.082,68.604,69.096,69.511,69.836,70.022,70.038,69.865,69.507,69.032,68.519,67.983,67.452,66.949,66.481,66.071,65.74,65.505,62.518,63.119,65.344,65.875,66.095
A,Annual,GRC,Greece,WB_HCP_EMP_2WAP_A,Labor force participation rate (%),PT,Percentage,1,One,WB_HCP,Human Capital Project,0,Units,A,Normal value,51.536,52.549,52.651,53.514,54.034,54.765,54.769,55.069,54.922,54.895,54.389,54.619,55.272,55.451,55.888,56.249,56.041,56.03,56.176,56.272,55.418,55.093,54.914,54.678,54.945,55.028,54.803,54.783,54.954,54.154,54.48,55.8,55.734,55.675
A,Annual,GTM,Guatemala,WB_HCP_EMP_2WAP_A,Labor force participation rate (%),PT,Percentage,1,One,WB_HCP,Human Capital Project,0,Units,A,Normal value,65.779,65.999,66.144,66.317,66.592,66.678,66.9,67.177,67.332,67.442,67.425,67.561,67.584,67.667,67.344,67.008,66.664,66.312,65.957,65.602,65.799,68.967,65.698,65.472,64.875,64.795,65.119,64.414,62.843,61.467,62.581,64.061,64.237,64.199
A,Annual,GUM,Guam,WB_HCP_EMP_2WAP_A,Labor force participation rate (%),PT,Percentage,1,One,WB_HCP,Human Capital Project,0,Units,A,Normal value,77.001,76.66,76.31,75.947,75.592,75.263,74.957,74.659,74.364,74.054,71.55,67.787,66.815,65.874,63.868,65.885,61.665,64.279,66.89,66.235,67.511,67.549,67.568,67.58,67.542,67.467,67.403,67.27,67.232,66.277,67.291,67.443,67.165,66.777
A,Annual,GUY,Guyana,WB_HCP_EMP_2WAP_A,Labor force participation rate (%),PT,Percentage,1,One,WB_HCP,Human Capital Project,0,Units,A,Normal value,62.203,62.817,63.444,63.048,62.651,62.252,61.852,61.451,61.051,60.653,60.262,59.883,59.611,59.355,59.117,58.9,58.699,58.503,58.308,58.111,57.906,57.696,57.478,57.248,57.006,56.745,56.471,56.213,52.421,51.843,51.633,51.967,52.712,53.055
A,Annual,HKG,"Hong Kong SAR, China",WB_HCP_EMP_2WAP_A,Labor force participation rate (%),PT,Percentage,1,One,WB_HCP,Human Capital Project,0,Units,A,Normal value,65.334,64.165,64.502,64.741,64.495,64.218,64.356,64.649,64.191,63.712,64.713,65.159,64.629,64.52,64.213,64.649,64.58,64.478,64.526,63.588,64.006,64.354,64.794,64.527,64.204,63.883,63.918,63.903,63.092,62.297,61.893,60.779,60.041,59.38
A,Annual,HND,Honduras,WB_HCP_EMP_2WAP_A,Labor force participation rate (%),PT,Percentage,1,One,WB_HCP,Human Capital Project,0,Units,A,Normal value,69.531,69.904,70.32,70.076,70.445,70.352,70.528,70.59,70.186,68.33,68.025,67.701,67.36,67.002,66.631,65.327,64.635,64.896,66.164,67.221,64.656,63.475,67.272,69.116,68.584,67.948,68.657,70.754,68.715,62.827,65.841,66.139,66.227,66.225
A,Annual,HRV,Croatia,WB_HCP_EMP_2WAP_A,Labor force participation rate (%),PT,Percentage,1,One,WB_HCP,Human Capital Project,0,Units,A,Normal value,59.42,58.828,58.281,57.761,57.215,56.656,56.109,55.557,55.003,54.444,53.872,53.289,52.582,53.258,51.748,51.6,55.826,55.971,55.959,55.342,54.991,54.791,54.17,55.293,55.748,53.458,53.986,53.785,53.678,53.659,54.398,54.654,55.583,55.052
A,Annual,HTI,Haiti,WB_HCP_EMP_2WAP_A,Labor force participation rate (%),PT,Percentage,1,One,WB_HCP,Human Capital Project,0,Units,A,Normal value,76.863,77.033,77.217,77.414,77.621,77.63,77.652,77.677,77.68,77.65,77.832,77.987,78.114,78.214,78.286,78.767,79.286,79.689,80.156,80.365,80.529,80.185,80.036,79.903,79.631,79.388,79.203,78.983,78.521,77.697,78.095,77.609,77.52,77.486
A,Annual,HUN,Hungary,WB_HCP_EMP_2WAP_A,Labor force participation rate (%),PT,Percentage,1,One,WB_HCP,Human Capital Project,0,Units,A,Normal value,56.221,56.089,54.219,52.665,51.635,51.29,50.311,49.989,51.066,51.783,51.854,52.15,53.367,53.503,54.365,54.987,54.832,54.452,54.342,54.757,55.003,55.613,55.884,57.215,58.147,58.947,59.534,60.028,60.376,60.265,63.115,64.756,65.489,65.092
A,Annual,IDN,Indonesia,WB_HCP_EMP_2WAP_A,Labor force participation rate (%),PT,Percentage,1,One,WB_HCP,Human Capital Project,0,Units,A,Normal value,72.704,73.099,72.629,72.931,73.074,73.213,72.99,73.883,73.636,74.198,73.629,72.125,71.847,71.281,70.418,69.655,71.561,72.011,71.879,72.751,73.199,73.384,72.752,72.842,72.584,72.169,72.531,73.36,73.909,73.054,71.698,72.974,73.521,73.466
A,Annual,IND,India,WB_HCP_EMP_2WAP_A,Labor force participation rate (%),PT,Percentage,1,One,WB_HCP,Human Capital Project,0,Units,A,Normal value,58.768,58.766,58.764,58.768,59.421,60.072,60.72,61.363,62.001,62.638,62.07,61.501,60.929,60.349,59.756,60.165,60.557,60.93,61.281,61.614,61.078,60.523,60.321,60.098,59.849,59.561,59.242,58.896,58.539,57.612,58.467,59.771,63.14,62.311
A,Annual,IRL,Ireland,WB_HCP_EMP_2WAP_A,Labor force participation rate (%),PT,Percentage,1,One,WB_HCP,Human Capital Project,0,Units,A,Normal value,54.613,54.455,55.222,56.164,56.517,57.998,58.088,59.378,60.685,61.677,62.25,62.953,63.012,63.626,64.772,65.266,65.981,65.935,64.96,64.369,63.985,63.75,64.178,64.26,64.447,64.313,64.789,65.035,65.21,64.423,65.805,67.105,67.079,67.571
A,Annual,IRN,"Iran, Islamic Rep.",WB_HCP_EMP_2WAP_A,Labor force participation rate (%),PT,Percentage,1,One,WB_HCP,Human Capital Project,0,Units,A,Normal value,50.222,49.953,49.68,49.445,49.268,49.117,49.447,49.79,50.11,50.392,50.616,50.777,50.885,50.937,50.942,50.251,49.447,46.979,47.76,46.437,44.64,44.753,45.001,44.638,45.645,46.545,47.438,47.715,47.376,44.714,44.301,46.408,46.663,46.578
A,Annual,IRQ,Iraq,WB_HCP_EMP_2WAP_A,Labor force participation rate (%),PT,Percentage,1,One,WB_HCP,Human Capital Project,0,Units,A,Normal value,45.932,45.802,45.874,45.927,45.906,45.934,45.83,45.958,46.081,46.199,46.311,46.42,46.53,46.645,46.77,46.903,47.043,46.979,46.911,46.835,46.755,46.675,47.841,49.0,49.606,50.173,49.049,48.721,48.104,45.694,45.746,47.752,48.131,48.306
A,Annual,ISL,Iceland,WB_HCP_EMP_2WAP_A,Labor force participation rate (%),PT,Percentage,1,One,WB_HCP,Human Capital Project,0,Units,A,Normal value,78.908,79.276,78.876,78.824,78.73,78.358,77.069,77.157,78.772,78.843,77.824,78.652,77.021,76.015,75.888,76.571,76.556,76.111,75.298,75.174,74.516,74.015,74.379,75.943,76.505,76.924,76.125,75.311,74.931,73.645,73.145,73.644,73.971,73.653
A,Annual,ISR,Israel,WB_HCP_EMP_2WAP_A,Labor force participation rate (%),PT,Percentage,1,One,WB_HCP,Human Capital Project,0,Units,A,Normal value,60.313,60.613,61.128,61.679,62.265,61.821,61.63,61.511,61.987,62.311,62.553,62.757,63.092,63.444,63.58,63.966,64.836,65.301,65.669,66.135,66.423,68.671,68.447,69.068,69.17,69.399,69.256,69.521,69.313,68.316,67.989,69.358,69.341,69.554
A,Annual,ITA,Italy,WB_HCP_EMP_2WAP_A,Labor force participation rate (%),PT,Percentage,1,One,WB_HCP,Human Capital Project,0,Units,A,Normal value,51.715,50.114,49.682,49.452,48.94,49.062,49.117,49.369,49.667,49.72,50.116,50.738,51.316,51.479,51.189,51.33,51.143,51.542,51.083,50.856,50.905,51.768,51.605,51.883,51.883,52.413,52.807,52.939,52.902,51.63,51.556,52.012,52.692,52.502
A,Annual,JAM,Jamaica,WB_HCP_EMP_2WAP_A,Labor force participation rate (%),PT,Percentage,1,One,WB_HCP,Human Capital Project,0,Units,A,Normal value,79.009,78.806,78.616,78.397,78.142,77.849,77.518,77.161,76.95,76.726,76.487,76.236,75.968,76.166,75.921,75.605,75.244,74.841,73.194,71.971,71.419,71.971,72.727,73.321,76.583,74.637,75.207,75.257,76.38,73.638,76.293,75.796,77.13,76.778
A,Annual,JOR,Jordan,WB_HCP_EMP_2WAP_A,Labor force participation rate (%),PT,Percentage,1,One,WB_HCP,Human Capital Project,0,Units,A,Normal value,42.848,42.77,43.077,43.351,43.555,43.571,43.531,43.505,43.458,43.374,42.58,42.064,40.678,41.502,42.297,41.529,44.676,44.335,45.231,44.307,43.51,41.977,40.638,39.62,41.385,43.135,44.884,44.405,44.617,45.809,44.285,44.27,44.393,44.414
A,Annual,JPN,Japan,WB_HCP_EMP_2WAP_A,Labor force participation rate (%),PT,Percentage,1,One,WB_HCP,Human Capital Project,0,Units,A,Normal value,67.978,67.946,67.515,67.098,66.765,66.604,66.636,66.141,65.632,65.072,64.573,63.723,63.218,62.839,62.687,62.581,62.523,62.246,61.982,61.693,61.342,61.19,61.318,61.457,61.525,61.842,62.365,63.15,63.561,63.545,63.688,64.124,64.439,64.834
A,Annual,KAZ,Kazakhstan,WB_HCP_EMP_2WAP_A,Labor force participation rate (%),PT,Percentage,1,One,WB_HCP,Human Capital Project,0,Units,A,Normal value,76.418,76.419,76.48,76.635,76.755,76.698,76.599,76.569,76.493,76.395,76.39,76.489,76.635,76.865,76.589,77.141,78.283,79.369,79.014,78.875,78.657,78.273,77.912,77.497,77.014,76.578,76.291,76.06,75.97,75.046,75.454,74.677,74.627,74.663
A,Annual,KEN,Kenya,WB_HCP_EMP_2WAP_A,Labor force participation rate (%),PT,Percentage,1,One,WB_HCP,Human Capital Project,0,Units,A,Normal value,87.022,87.159,87.341,87.533,87.718,87.849,87.942,88.031,88.153,88.46,88.755,89.031,89.273,89.463,89.599,89.673,89.696,89.69,89.661,89.601,89.515,89.43,89.384,89.382,89.428,89.548,89.657,89.789,89.966,89.115,90.017,90.288,90.343,90.366
A,Annual,KGZ,Kyrgyz Republic,WB_HCP_EMP_2WAP_A,Labor force participation rate (%),PT,Percentage,1,One,WB_HCP,Human Capital Project,0,Units,A,Normal value,76.64,77.875,79.408,81.663,82.375,81.813,80.994,80.94,80.77,80.455,80.17,80.403,80.022,79.657,79.897,79.827,79.292,78.75,78.545,78.552,77.909,76.063,72.582,72.323,72.813,72.471,70.862,71.156,71.902,71.362,71.66,72.721,72.81,72.699
A,Annual,KHM,Cambodia,WB_HCP_EMP_2WAP_A,Labor force participation rate (%),PT,Percentage,1,One,WB_HCP,Human Capital Project,0,Units,A,Normal value,83.544,83.106,82.754,83.835,83.523,83.399,82.71,82.056,81.454,80.891,80.338,79.799,79.228,78.538,77.703,76.782,75.824,74.82,73.767,72.685,71.587,70.473,72.232,73.919,75.523,77.049,78.511,79.905,81.24,80.337,81.581,81.688,81.434,81.081
A,Annual,KOR,"Korea, Rep.",WB_HCP_EMP_2WAP_A,Labor force participation rate (%),PT,Percentage,1,One,WB_HCP,Human Capital Project,0,Units,A,Normal value,69.367,69.398,69.229,69.722,69.976,70.243,70.802,68.836,68.525,69.759,69.626,69.902,68.966,69.562,69.513,69.745,69.897,69.593,68.848,68.836,68.853,68.848,68.94,69.647,69.519,69.377,69.55,69.282,69.215,68.245,68.066,68.917,69.274,68.999
A,Annual,KWT,Kuwait,WB_HCP_EMP_2WAP_A,Labor force participation rate (%),PT,Percentage,1,One,WB_HCP,Human Capital Project,0,Units,A,Normal value,74.832,74.45,75.112,76.801,77.578,77.79,77.715,77.669,77.665,77.715,77.821,77.975,78.163,78.533,78.751,78.767,78.736,78.719,78.716,78.723,78.842,79.035,79.178,79.424,80.265,80.675,80.642,80.598,80.297,76.186,77.124,78.454,78.741,78.823
A,Annual,LAO,Lao PDR,WB_HCP_EMP_2WAP_A,Labor force participation rate (%),PT,Percentage,1,One,WB_HCP,Human Capital Project,0,Units,A,Normal value,65.689,65.632,65.568,65.464,65.382,65.304,65.227,65.187,65.108,65.055,65.011,64.974,64.948,64.932,64.922,64.91,64.897,64.872,64.832,64.776,64.706,64.622,64.531,64.44,64.366,64.304,64.229,64.142,64.049,63.424,63.226,63.748,63.802,63.659
A,Annual,LBN,Lebanon,WB_HCP_EMP_2WAP_A,Labor force participation rate (%),PT,Percentage,1,One,WB_HCP,Human Capital Project,0,Units,A,Normal value,49.098,48.817,48.805,48.88,48.993,48.653,48.762,48.757,48.984,49.153,49.104,49.118,49.161,49.051,48.712,48.36,47.998,48.271,48.534,48.797,49.064,49.337,49.612,49.89,50.172,50.489,50.864,51.294,51.773,47.224,48.536,48.49,48.398,48.264
A,Annual,LBR,Liberia,WB_HCP_EMP_2WAP_A,Labor force participation rate (%),PT,Percentage,1,One,WB_HCP,Human Capital Project,0,Units,A,Normal value,86.209,86.453,86.728,86.967,87.081,87.212,87.299,87.34,87.358,87.381,87.197,87.033,86.888,86.736,86.566,86.402,86.267,86.143,86.067,86.067,86.093,86.14,86.21,86.341,86.528,86.735,86.973,87.242,87.535,87.128,87.841,87.993,88.237,88.373
A,Annual,LBY,Libya,WB_HCP_EMP_2WAP_A,Labor force participation rate (%),PT,Percentage,1,One,WB_HCP,Human Capital Project,0,Units,A,Normal value,60.328,60.194,60.169,60.219,60.297,60.354,60.405,60.421,60.405,60.648,61.07,61.382,61.564,61.591,61.477,61.134,60.648,60.193,59.752,59.3,58.432,57.673,57.605,57.554,57.502,57.522,57.585,57.674,57.763,55.973,56.452,57.863,58.424,58.641
A,Annual,LCA,St. Lucia,WB_HCP_EMP_2WAP_A,Labor force participation rate (%),PT,Percentage,1,One,WB_HCP,Human Capital Project,0,Units,A,Normal value,63.643,63.987,64.087,64.22,64.354,64.527,64.589,64.852,65.014,65.106,65.112,65.478,65.932,66.442,66.753,67.191,67.519,67.913,68.156,68.516,68.964,71.493,71.689,71.981,72.206,72.505,72.772,72.835,72.858,69.503,71.078,72.298,68.931,68.387
A,Annual,LKA,Sri Lanka,WB_HCP_EMP_2WAP_A,Labor force participation rate (%),PT,Percentage,1,One,WB_HCP,Human Capital Project,0,Units,A,Normal value,62.552,59.972,60.317,59.708,59.249,59.668,59.439,62.336,60.885,59.86,59.791,59.685,59.541,59.364,59.165,58.957,58.764,58.593,58.438,58.296,57.992,57.657,57.081,56.861,58.888,59.147,59.356,57.198,57.677,55.857,56.384,56.321,55.904,55.689
A,Annual,LSO,Lesotho,WB_HCP_EMP_2WAP_A,Labor force participation rate (%),PT,Percentage,1,One,WB_HCP,Human Capital Project,0,Units,A,Normal value,75.74,75.921,76.127,76.36,76.623,76.827,77.047,77.282,77.538,77.523,77.507,77.497,77.495,77.49,77.477,77.459,77.362,77.201,77.02,76.753,76.417,76.019,75.556,75.318,75.105,74.859,74.658,74.495,74.348,73.464,73.426,74.741,74.78,74.515
A,Annual,LTU,Lithuania,WB_HCP_EMP_2WAP_A,Labor force participation rate (%),PT,Percentage,1,One,WB_HCP,Human Capital Project,0,Units,A,Normal value,70.164,69.42,68.662,67.933,67.199,66.413,65.564,64.688,65.08,64.945,64.1,63.464,65.7,63.441,62.471,60.939,61.1,60.815,61.677,61.933,62.939,62.971,62.666,63.123,63.287,64.238,64.484,65.099,65.28,65.72,65.107,65.398,65.674,65.676
A,Annual,LUX,Luxembourg,WB_HCP_EMP_2WAP_A,Labor force participation rate (%),PT,Percentage,1,One,WB_HCP,Human Capital Project,0,Units,A,Normal value,51.609,53.953,53.602,53.751,52.42,52.663,53.436,53.933,55.329,56.59,57.003,58.05,58.099,59.514,60.067,60.24,60.397,60.557,62.52,63.263,63.166,64.242,65.101,65.763,64.113,63.584,64.056,64.211,64.796,65.258,66.012,65.876,66.537,66.278
A,Annual,LVA,Latvia,WB_HCP_EMP_2WAP_A,Labor force participation rate (%),PT,Percentage,1,One,WB_HCP,Human Capital Project,0,Units,A,Normal value,61.47,61.957,62.236,62.122,62.105,61.99,62.571,61.982,60.957,59.9,60.66,62.291,61.037,61.814,61.523,63.001,63.985,65.384,63.841,62.459,62.234,62.96,62.53,62.028,62.686,63.166,63.5,64.362,64.269,64.954,63.622,64.328,64.973,65.279
A,Annual,MAC,"Macao SAR, China",WB_HCP_EMP_2WAP_A,Labor force participation rate (%),PT,Percentage,1,One,WB_HCP,Human Capital Project,0,Units,A,Normal value,60.675,61.405,63.801,65.84,67.602,69.127,70.462,70.466,70.502,70.476,70.488,70.435,69.704,71.109,71.972,73.85,75.612,76.474,75.981,75.999,76.544,76.399,76.051,76.459,75.915,74.741,73.959,73.747,73.135,71.199,71.688,71.335,71.281,71.253
A,Annual,MAR,Morocco,WB_HCP_EMP_2WAP_A,Labor force participation rate (%),PT,Percentage,1,One,WB_HCP,Human Capital Project,0,Units,A,Normal value,53.981,54.343,54.623,54.416,54.953,54.659,55.015,54.98,55.205,55.357,55.295,54.776,54.886,54.993,55.087,55.155,55.206,55.24,54.949,54.626,54.32,53.67,53.813,53.288,52.977,52.13,50.686,50.965,51.279,49.863,50.448,49.123,48.813,48.717
A,Annual,MDA,Moldova,WB_HCP_EMP_2WAP_A,Labor force participation rate (%),PT,Percentage,1,One,WB_HCP,Human Capital Project,0,Units,A,Normal value,65.202,65.41,65.588,65.788,65.943,66.179,66.287,66.526,66.714,66.779,65.245,64.906,66.334,64.263,64.212,66.188,67.658,67.982,68.025,69.452,70.242,70.432,70.474,74.803,74.938,75.007,73.239,72.322,74.386,74.713,77.812,78.942,79.586,77.857
A,Annual,MDG,Madagascar,WB_HCP_EMP_2WAP_A,Labor force participation rate (%),PT,Percentage,1,One,WB_HCP,Human Capital Project,0,Units,A,Normal value,93.368,93.393,93.412,93.437,93.453,93.463,93.465,93.467,93.467,93.473,93.473,93.55,93.542,93.555,93.573,93.51,93.438,93.355,93.259,93.149,93.021,92.874,92.704,92.491,92.245,92.196,92.148,92.104,92.055,91.149,91.686,91.986,91.939,91.853
A,Annual,MDV,Maldives,WB_HCP_EMP_2WAP_A,Labor force participation rate (%),PT,Percentage,1,One,WB_HCP,Human Capital Project,0,Units,A,Normal value,55.789,56.592,57.397,58.227,59.078,59.968,60.863,61.786,62.752,63.782,63.303,62.786,62.216,61.602,60.934,60.268,59.591,58.811,57.923,58.429,58.868,59.271,59.665,60.119,60.646,61.216,62.914,64.589,66.23,62.281,64.365,66.753,66.696,66.148
A,Annual,MEX,Mexico,WB_HCP_EMP_2WAP_A,Labor force participation rate (%),PT,Percentage,1,One,WB_HCP,Human Capital Project,0,Units,A,Normal value,61.356,61.605,61.945,62.119,62.001,62.524,64.285,63.556,62.988,63.124,62.949,63.195,63.661,64.361,64.941,65.674,65.699,65.484,65.665,65.293,65.429,66.143,66.071,65.546,65.805,65.701,65.433,65.607,66.051,61.369,64.518,65.775,66.243,65.706
A,Annual,MKD,North Macedonia,WB_HCP_EMP_2WAP_A,Labor force participation rate (%),PT,Percentage,1,One,WB_HCP,Human Capital Project,0,Units,A,Normal value,60.127,59.607,59.175,58.748,58.302,57.854,56.409,56.648,56.894,56.963,57.063,57.135,59.546,59.169,58.766,57.781,59.059,59.638,59.925,58.751,60.47,59.812,60.47,60.649,59.933,59.855,59.574,59.261,59.58,58.66,58.641,57.158,56.605,57.201
A,Annual,MLI,Mali,WB_HCP_EMP_2WAP_A,Labor force participation rate (%),PT,Percentage,1,One,WB_HCP,Human Capital Project,0,Units,A,Normal value,77.142,77.27,77.417,77.585,77.774,77.875,78.0,78.127,78.231,78.299,78.279,78.233,78.167,78.081,77.978,77.783,77.615,77.47,77.346,77.241,77.063,76.94,76.87,76.848,76.586,75.842,75.094,75.281,75.506,74.959,75.348,76.595,76.818,76.996
A,Annual,MLT,Malta,WB_HCP_EMP_2WAP_A,Labor force participation rate (%),PT,Percentage,1,One,WB_HCP,Human Capital Project,0,Units,A,Normal value,46.253,46.438,46.685,46.694,46.68,46.998,47.408,47.284,47.331,46.899,46.417,47.125,46.904,46.206,47.061,47.308,47.925,48.23,48.556,49.494,50.325,52.005,53.692,55.232,56.05,57.35,58.503,60.24,61.458,62.69,64.65,65.436,66.538,67.057
A,Annual,MMR,Myanmar,WB_HCP_EMP_2WAP_A,Labor force participation rate (%),PT,Percentage,1,One,WB_HCP,Human Capital Project,0,Units,A,Normal value,71.911,71.569,71.388,71.147,70.935,70.75,70.601,70.442,70.09,69.656,69.326,68.993,68.625,68.286,67.966,67.677,67.427,67.225,67.026,66.852,66.752,66.628,66.493,66.368,66.257,65.761,65.239,66.209,64.673,64.523,58.218,58.181,58.447,58.62
A,Annual,MNE,Montenegro,WB_HCP_EMP_2WAP_A,Labor force participation rate (%),PT,Percentage,1,One,WB_HCP,Human Capital Project,0,Units,A,Normal value,57.114,57.054,56.932,56.747,56.57,56.43,56.338,56.237,56.395,56.324,56.282,56.214,56.123,55.941,55.718,55.462,55.24,55.03,54.886,54.745,54.64,55.434,55.613,57.463,58.421,58.802,59.218,60.424,61.331,57.478,58.778,60.902,60.896,60.659
A,Annual,MNG,Mongolia,WB_HCP_EMP_2WAP_A,Labor force participation rate (%),PT,Percentage,1,One,WB_HCP,Human Capital Project,0,Units,A,Normal value,71.351,71.264,71.189,71.106,71.012,70.906,70.783,70.648,70.519,70.408,70.32,70.257,70.202,70.423,70.617,70.757,70.809,69.493,69.92,70.782,71.682,70.53,69.358,70.001,69.47,67.941,68.819,67.817,70.373,67.918,66.268,68.072,67.467,67.799
A,Annual,MOZ,Mozambique,WB_HCP_EMP_2WAP_A,Labor force participation rate (%),PT,Percentage,1,One,WB_HCP,Human Capital Project,0,Units,A,Normal value,88.179,88.48,88.704,88.868,89.003,88.898,88.82,88.729,88.643,88.565,88.5,88.453,88.426,88.416,88.413,88.416,88.429,88.445,88.459,88.468,88.471,88.472,88.471,88.46,88.44,88.518,88.603,88.691,88.774,87.893,87.942,89.285,89.384,89.246
A,Annual,MRT,Mauritania,WB_HCP_EMP_2WAP_A,Labor force participation rate (%),PT,Percentage,1,One,WB_HCP,Human Capital Project,0,Units,A,Normal value,56.037,55.982,55.936,55.889,55.857,55.834,55.834,55.858,55.907,55.973,55.802,55.665,55.549,55.441,55.328,55.173,55.015,54.8,54.508,54.184,53.8,53.408,53.017,52.707,52.386,52.056,51.72,51.734,51.75,51.362,51.106,52.269,52.488,52.529
A,Annual,MUS,Mauritius,WB_HCP_EMP_2WAP_A,Labor force participation rate (%),PT,Percentage,1,One,WB_HCP,Human Capital Project,0,Units,A,Normal value,62.377,62.388,62.394,62.408,62.435,62.238,62.034,61.794,61.502,61.183,60.29,61.158,63.568,61.864,62.633,62.413,61.947,62.578,62.892,63.506,62.565,62.796,63.906,63.971,63.935,63.154,63.397,62.377,63.205,59.507,56.993,59.938,59.955,59.504
A,Annual,MWI,Malawi,WB_HCP_EMP_2WAP_A,Labor force participation rate (%),PT,Percentage,1,One,WB_HCP,Human Capital Project,0,Units,A,Normal value,87.87,87.887,87.976,88.081,88.177,88.215,88.234,88.23,88.251,88.315,88.279,88.265,88.275,88.276,88.235,87.238,86.17,85.024,83.812,82.557,81.264,80.38,79.484,78.57,77.645,76.703,75.745,75.785,75.869,75.029,75.142,75.791,75.871,75.749
A,Annual,MYS,Malaysia,WB_HCP_EMP_2WAP_A,Labor force participation rate (%),PT,Percentage,1,One,WB_HCP,Human Capital Project,0,Units,A,Normal value,66.912,67.017,67.15,67.293,67.482,67.7,67.853,67.494,67.611,67.814,67.715,67.767,67.823,67.92,67.964,68.022,68.126,67.473,68.168,68.257,69.178,70.306,71.882,72.043,72.352,71.888,71.778,71.786,71.366,71.59,71.889,70.794,70.376,70.031
A,Annual,NAM,Namibia,WB_HCP_EMP_2WAP_A,Labor force participation rate (%),PT,Percentage,1,One,WB_HCP,Human Capital Project,0,Units,A,Normal value,66.302,66.185,66.077,65.968,65.987,65.981,65.939,66.289,66.679,67.104,67.443,67.799,68.165,68.576,69.079,69.637,70.195,70.714,71.155,71.508,71.761,71.928,76.4,75.587,73.86,72.09,72.246,72.22,71.741,70.199,70.623,72.016,72.239,72.221
A,Annual,NCL,New Caledonia,WB_HCP_EMP_2WAP_A,Labor force participation rate (%),PT,Percentage,1,One,WB_HCP,Human Capital Project,0,Units,A,Normal value,73.252,73.15,73.014,72.966,73.077,72.889,72.753,72.27,71.981,71.737,71.466,71.202,71.041,70.809,70.666,70.649,70.471,70.102,69.843,69.881,69.827,69.629,69.422,69.159,68.065,66.898,65.698,64.445,63.135,62.092,61.575,61.816,61.858,61.765
A,Annual,NER,Niger,WB_HCP_EMP_2WAP_A,Labor force participation rate (%),PT,Percentage,1,One,WB_HCP,Human Capital Project,0,Units,A,Normal value,85.064,85.054,85.087,85.15,85.235,85.212,85.209,85.207,85.199,85.183,85.056,84.956,84.867,84.78,84.697,84.548,84.444,84.378,84.344,84.338,84.313,83.031,81.657,80.184,80.278,80.346,80.433,80.535,80.648,79.936,79.74,81.572,81.658,81.642
A,Annual,NGA,Nigeria,WB_HCP_EMP_2WAP_A,Labor force participation rate (%),PT,Percentage,1,One,WB_HCP,Human Capital Project,0,Units,A,Normal value,75.226,75.442,75.684,75.935,76.177,76.354,76.504,76.627,76.698,76.703,76.616,76.493,76.337,76.172,76.014,75.839,75.687,75.56,75.467,75.413,75.381,76.132,76.838,76.747,76.683,76.646,76.625,76.603,76.572,76.0,76.543,77.265,77.474,77.551
A,Annual,NIC,Nicaragua,WB_HCP_EMP_2WAP_A,Labor force participation rate (%),PT,Percentage,1,One,WB_HCP,Human Capital Project,0,Units,A,Normal value,64.19,64.027,63.774,63.88,64.226,64.707,65.181,65.637,65.988,66.326,66.656,66.982,67.31,67.638,67.996,68.382,68.76,69.127,69.484,69.828,70.158,70.47,70.76,71.032,71.17,71.273,71.369,70.804,70.231,69.553,69.535,70.664,70.812,70.812
A,Annual,NLD,Netherlands,WB_HCP_EMP_2WAP_A,Labor force participation rate (%),PT,Percentage,1,One,WB_HCP,Human Capital Project,0,Units,A,Normal value,57.042,57.367,57.633,58.535,58.648,59.439,60.547,60.91,61.574,62.053,62.577,63.334,63.24,63.681,62.759,62.955,63.666,64.437,64.637,64.239,63.918,64.264,64.208,63.872,63.666,63.373,63.256,63.475,63.881,63.834,64.128,64.764,65.179,65.007
A,Annual,NOR,Norway,WB_HCP_EMP_2WAP_A,Labor force participation rate (%),PT,Percentage,1,One,WB_HCP,Human Capital Project,0,Units,A,Normal value,62.992,63.126,63.125,63.672,64.63,65.057,66.28,67.053,66.961,67.159,67.207,67.578,66.462,66.44,66.6,67.217,67.837,68.491,68.033,67.328,67.014,66.912,66.587,66.74,66.585,66.245,65.43,65.62,65.484,64.972,66.907,65.804,65.264,65.276
A,Annual,NPL,Nepal,WB_HCP_EMP_2WAP_A,Labor force participation rate (%),PT,Percentage,1,One,WB_HCP,Human Capital Project,0,Units,A,Normal value,44.643,44.619,44.605,44.605,44.619,44.626,44.644,44.674,44.713,44.755,44.833,44.899,44.942,44.964,44.959,44.966,44.96,44.954,44.953,44.955,44.889,44.805,44.708,44.607,44.508,44.609,44.732,44.854,44.978,44.463,44.641,44.72,44.878,44.802
A,Annual,NZL,New Zealand,WB_HCP_EMP_2WAP_A,Labor force participation rate (%),PT,Percentage,1,One,WB_HCP,Human Capital Project,0,Units,A,Normal value,62.841,62.777,62.927,63.622,64.169,65.272,65.156,65.053,65.591,65.794,66.4,67.142,67.167,67.969,68.862,69.034,69.3,69.581,69.657,69.74,70.225,69.93,69.918,70.552,70.356,71.552,72.499,72.33,71.903,71.645,71.911,72.023,72.675,72.298
A,Annual,OMN,Oman,WB_HCP_EMP_2WAP_A,Labor force participation rate (%),PT,Percentage,1,One,WB_HCP,Human Capital Project,0,Units,A,Normal value,65.061,66.206,67.228,67.575,67.304,66.954,66.546,66.239,66.02,65.692,65.508,65.567,65.739,65.954,66.157,66.482,66.954,67.563,68.279,70.013,72.332,74.297,75.615,76.155,76.529,77.098,77.175,76.779,76.053,72.336,72.517,74.099,74.615,75.051
A,Annual,PAK,Pakistan,WB_HCP_EMP_2WAP_A,Labor force participation rate (%),PT,Percentage,1,One,WB_HCP,Human Capital Project,0,Units,A,Normal value,53.447,53.437,53.417,53.74,52.823,53.661,54.504,54.769,55.109,55.452,54.787,54.096,54.297,54.498,54.314,54.12,54.73,55.049,55.541,55.948,56.252,56.412,56.568,56.504,57.859,57.32,56.794,56.278,57.169,56.304,56.961,57.185,57.181,57.079
A,Annual,PAN,Panama,WB_HCP_EMP_2WAP_A,Labor force participation rate (%),PT,Percentage,1,One,WB_HCP,Human Capital Project,0,Units,A,Normal value,61.586,62.92,64.232,64.888,66.377,66.188,66.004,64.823,65.42,66.223,67.017,67.8,67.695,68.189,68.447,67.739,67.408,68.439,68.973,68.355,67.34,68.597,69.313,69.637,69.915,70.043,69.403,70.535,71.702,66.341,67.112,67.721,67.991,68.037
A,Annual,PER,Peru,WB_HCP_EMP_2WAP_A,Labor force participation rate (%),PT,Percentage,1,One,WB_HCP,Human Capital Project,0,Units,A,Normal value,66.285,65.895,66.519,67.127,68.41,70.094,71.731,72.387,73.232,71.915,74.771,75.398,76.017,76.628,77.233,80.174,82.301,81.927,82.246,82.861,82.442,82.239,81.821,81.203,80.696,79.984,81.539,81.77,81.912,72.786,76.114,77.373,77.915,77.151
A,Annual,PHL,Philippines,WB_HCP_EMP_2WAP_A,Labor force participation rate (%),PT,Percentage,1,One,WB_HCP,Human Capital Project,0,Units,A,Normal value,70.293,70.211,70.122,70.031,69.938,69.831,69.723,69.642,69.549,69.455,69.362,69.262,69.151,69.286,69.475,69.441,69.508,69.381,69.657,69.733,70.101,69.553,69.414,70.046,69.742,70.081,67.656,67.826,68.672,63.816,65.663,68.783,69.504,69.514
A,Annual,PNG,Papua New Guinea,WB_HCP_EMP_2WAP_A,Labor force participation rate (%),PT,Percentage,1,One,WB_HCP,Human Capital Project,0,Units,A,Normal value,79.78,79.601,79.437,79.365,79.351,79.269,79.259,79.259,79.212,79.215,77.094,74.861,72.516,70.065,67.518,64.88,62.165,59.387,56.559,53.699,53.655,53.573,53.492,53.339,53.236,53.143,53.067,53.018,52.928,52.36,52.16,53.238,52.946,52.374
A,Annual,POL,Poland,WB_HCP_EMP_2WAP_A,Labor force participation rate (%),PT,Percentage,1,One,WB_HCP,Human Capital Project,0,Units,A,Normal value,65.055,64.914,64.844,64.267,63.485,62.977,62.693,62.365,61.858,61.63,61.187,60.18,59.717,59.349,59.824,58.89,58.714,59.144,59.634,60.194,60.448,60.639,60.587,60.732,60.553,60.318,60.415,60.194,59.947,60.19,61.5,62.517,62.973,62.32
A,Annual,PRI,Puerto Rico,WB_HCP_EMP_2WAP_A,Labor force participation rate (%),PT,Percentage,1,One,WB_HCP,Human Capital Project,0,Units,A,Normal value,50.26,50.445,51.236,50.745,50.237,50.9,51.318,51.0,50.745,49.445,49.41,49.363,49.57,49.524,50.358,50.594,50.014,48.566,46.933,45.647,44.009,43.849,43.666,43.451,43.211,43.162,42.888,43.355,43.745,43.534,43.343,44.529,44.436,44.3
A,Annual,PRK,"Korea, Dem. People's Rep.",WB_HCP_EMP_2WAP_A,Labor force participation rate (%),PT,Percentage,1,One,WB_HCP,Human Capital Project,0,Units,A,Normal value,76.84,76.822,76.759,76.667,76.678,76.687,76.832,76.8,76.554,76.533,76.412,76.402,76.372,76.328,76.224,76.289,76.36,76.276,76.329,76.358,76.335,76.289,76.247,76.201,76.228,76.065,76.166,76.293,76.248,75.093,75.291,76.132,76.076,75.857
A,Annual,PRT,Portugal,WB_HCP_EMP_2WAP_A,Labor force participation rate (%),PT,Percentage,1,One,WB_HCP,Human Capital Project,0,Units,A,Normal value,61.542,61.554,61.61,61.683,61.74,61.336,60.848,63.597,63.758,64.152,64.427,64.873,65.145,64.86,65.218,65.412,65.535,65.305,64.784,64.949,63.755,63.472,62.752,62.295,62.137,62.028,62.453,62.609,62.754,61.914,61.764,62.459,62.487,62.194
A,Annual,PRY,Paraguay,WB_HCP_EMP_2WAP_A,Labor force participation rate (%),PT,Percentage,1,One,WB_HCP,Human Capital Project,0,Units,A,Normal value,72.591,72.41,72.733,73.127,73.753,73.637,73.936,73.632,73.121,72.468,72.052,71.769,72.385,76.129,75.793,70.897,74.258,74.285,72.81,72.58,72.826,76.604,74.908,72.893,73.539,74.809,75.483,76.81,77.108,75.009,76.178,75.451,75.449,75.23
A,Annual,PSE,West Bank and Gaza,WB_HCP_EMP_2WAP_A,Labor force participation rate (%),PT,Percentage,1,One,WB_HCP,Human Capital Project,0,Units,A,Normal value,48.925,48.649,48.597,48.543,48.413,48.556,48.091,47.573,47.365,48.057,44.439,44.668,47.943,47.714,48.297,48.123,49.466,48.291,48.608,49.32,50.176,49.87,50.031,50.153,51.233,50.674,50.585,50.055,51.235,48.11,50.339,51.706,,
A,Annual,PYF,French Polynesia,WB_HCP_EMP_2WAP_A,Labor force participation rate (%),PT,Percentage,1,One,WB_HCP,Human Capital Project,0,Units,A,Normal value,67.381,67.032,66.673,66.372,66.12,65.927,65.577,65.239,64.943,64.692,64.463,64.241,64.046,63.866,63.631,63.318,62.881,62.516,62.173,61.81,61.462,61.141,60.943,60.759,60.644,60.549,60.474,60.402,60.329,59.699,59.922,60.5,60.271,59.841
A,Annual,QAT,Qatar,WB_HCP_EMP_2WAP_A,Labor force participation rate (%),PT,Percentage,1,One,WB_HCP,Human Capital Project,0,Units,A,Normal value,86.895,86.524,86.472,86.389,86.402,86.36,85.754,85.625,85.687,85.633,85.806,85.852,86.068,85.784,86.452,87.913,89.431,90.134,90.287,90.345,90.272,89.932,89.838,90.245,90.643,90.754,90.717,90.655,90.504,90.418,90.677,91.394,91.65,91.771
A,Annual,ROU,Romania,WB_HCP_EMP_2WAP_A,Labor force participation rate (%),PT,Percentage,1,One,WB_HCP,Human Capital Project,0,Units,A,Normal value,71.209,71.3,71.131,70.959,70.822,68.645,71.072,70.165,70.411,69.975,68.771,62.548,60.961,59.953,58.847,60.048,59.637,59.202,58.88,59.18,58.212,58.666,58.487,58.814,58.053,57.516,58.581,58.652,58.793,58.694,54.582,55.838,55.88,55.946
A,Annual,RUS,Russian Federation,WB_HCP_EMP_2WAP_A,Labor force participation rate (%),PT,Percentage,1,One,WB_HCP,Human Capital Project,0,Units,A,Normal value,69.664,68.328,66.353,64.32,63.867,63.388,62.628,62.166,65.017,65.445,64.57,65.189,65.168,65.813,66.179,66.54,67.3,67.176,67.056,67.036,67.082,67.142,66.675,66.58,66.376,66.469,66.268,66.403,65.755,65.572,66.318,66.781,65.825,64.688
A,Annual,RWA,Rwanda,WB_HCP_EMP_2WAP_A,Labor force participation rate (%),PT,Percentage,1,One,WB_HCP,Human Capital Project,0,Units,A,Normal value,67.075,67.58,68.332,69.531,71.196,71.474,71.591,71.33,70.847,70.509,70.562,70.69,70.924,71.117,71.12,70.943,70.657,70.32,70.004,69.752,69.529,69.367,69.249,69.152,69.079,69.07,69.068,69.258,66.729,70.08,67.804,70.258,70.438,70.272
A,Annual,SAU,Saudi Arabia,WB_HCP_EMP_2WAP_A,Labor force participation rate (%),PT,Percentage,1,One,WB_HCP,Human Capital Project,0,Units,A,Normal value,63.905,64.146,64.196,64.055,63.957,63.866,63.834,63.833,63.975,65.405,65.227,65.124,65.28,65.259,65.087,64.905,65.331,65.238,65.123,65.58,66.008,66.892,67.051,66.717,67.366,67.402,65.487,66.028,68.47,69.341,70.468,69.874,69.784,69.426
A,Annual,SDN,Sudan,WB_HCP_EMP_2WAP_A,Labor force participation rate (%),PT,Percentage,1,One,WB_HCP,Human Capital Project,0,Units,A,Normal value,58.991,59.284,59.515,59.781,60.114,60.462,60.372,60.279,60.214,60.192,60.172,60.151,60.132,60.113,60.098,60.09,60.081,60.051,59.999,59.876,59.721,59.644,59.585,59.53,59.497,59.456,59.412,59.377,59.36,58.745,59.112,58.977,57.746,57.659
A,Annual,SEN,Senegal,WB_HCP_EMP_2WAP_A,Labor force participation rate (%),PT,Percentage,1,One,WB_HCP,Human Capital Project,0,Units,A,Normal value,55.399,55.51,55.634,55.782,55.961,56.04,56.152,56.287,56.425,56.553,56.624,56.687,56.735,56.765,56.779,56.748,56.596,56.417,56.21,55.975,55.722,55.456,55.186,54.92,54.648,58.584,56.218,61.242,61.126,60.529,61.478,61.22,60.912,60.673
A,Annual,SGP,Singapore,WB_HCP_EMP_2WAP_A,Labor force participation rate (%),PT,Percentage,1,One,WB_HCP,Human Capital Project,0,Units,A,Normal value,65.815,66.45,67.175,67.867,68.646,69.28,69.86,69.826,70.411,70.719,70.88,70.661,70.61,70.656,71.617,72.895,72.833,74.145,74.639,74.75,75.444,75.906,76.074,76.643,77.004,76.717,76.312,75.515,75.564,75.416,75.858,75.647,73.415,72.032
A,Annual,SLB,Solomon Islands,WB_HCP_EMP_2WAP_A,Labor force participation rate (%),PT,Percentage,1,One,WB_HCP,Human Capital Project,0,Units,A,Normal value,90.395,90.234,90.229,90.153,90.049,90.087,90.168,90.203,90.262,90.61,90.834,90.949,90.872,90.793,90.737,90.693,90.654,90.587,90.584,90.471,90.388,90.405,90.356,90.383,90.404,90.343,90.291,90.263,90.285,89.431,89.679,90.326,90.534,90.582
A,Annual,SLE,Sierra Leone,WB_HCP_EMP_2WAP_A,Labor force participation rate (%),PT,Percentage,1,One,WB_HCP,Human Capital Project,0,Units,A,Normal value,77.095,77.107,77.152,77.213,77.272,77.315,77.378,77.467,77.548,77.61,77.66,77.745,77.813,78.509,77.96,77.383,76.777,76.142,75.474,74.771,74.038,73.277,72.492,71.692,70.118,68.526,66.914,65.275,65.297,64.608,64.516,65.413,65.374,65.166
A,Annual,SLV,El Salvador,WB_HCP_EMP_2WAP_A,Labor force participation rate (%),PT,Percentage,1,One,WB_HCP,Human Capital Project,0,Units,A,Normal value,66.01,66.423,67.039,68.516,67.718,66.653,66.89,67.817,67.785,67.412,67.021,66.615,67.244,65.801,66.082,66.335,67.318,67.136,66.955,66.777,66.451,67.174,67.931,66.657,65.901,66.293,65.55,65.086,65.956,62.466,64.766,65.633,65.642,65.411
A,Annual,SOM,Somalia,WB_HCP_EMP_2WAP_A,Labor force participation rate (%),PT,Percentage,1,One,WB_HCP,Human Capital Project,0,Units,A,Normal value,43.362,43.505,43.609,43.671,43.757,43.852,43.948,44.049,44.151,44.244,44.323,44.382,44.411,44.394,44.308,44.162,44.055,44.056,44.107,44.157,44.207,44.261,44.326,44.423,44.59,44.813,44.979,45.008,44.969,44.515,44.594,44.898,45.0,45.01
A,Annual,SRB,Serbia,WB_HCP_EMP_2WAP_A,Labor force participation rate (%),PT,Percentage,1,One,WB_HCP,Human Capital Project,0,Units,A,Normal value,61.524,61.253,60.96,60.491,59.989,59.452,58.96,58.643,58.766,58.384,58.0,57.638,57.305,56.893,56.546,56.301,57.06,56.281,54.686,53.239,53.294,53.569,54.841,55.364,54.838,56.694,57.406,58.115,58.375,57.934,61.257,62.656,62.535,63.258
A,Annual,SSD,South Sudan,WB_HCP_EMP_2WAP_A,Labor force participation rate (%),PT,Percentage,1,One,WB_HCP,Human Capital Project,0,Units,A,Normal value,74.775,74.797,74.85,74.868,74.797,74.742,74.689,74.642,74.608,74.588,74.53,74.486,74.465,74.491,74.54,74.569,74.595,74.613,74.634,74.678,74.675,74.698,74.74,74.755,74.784,74.836,74.951,75.193,75.538,75.098,76.082,76.345,76.655,76.838
A,Annual,STP,Sao Tome and Principe,WB_HCP_EMP_2WAP_A,Labor force participation rate (%),PT,Percentage,1,One,WB_HCP,Human Capital Project,0,Units,A,Normal value,63.451,63.485,63.569,63.718,64.014,64.383,64.808,65.278,65.752,66.176,66.38,66.309,66.061,65.737,65.37,65.082,64.785,64.489,64.224,64.011,63.853,63.663,63.441,63.275,63.169,63.125,63.139,63.203,63.31,63.03,63.813,63.919,64.109,64.177
A,Annual,SUR,Suriname,WB_HCP_EMP_2WAP_A,Labor force participation rate (%),PT,Percentage,1,One,WB_HCP,Human Capital Project,0,Units,A,Normal value,58.349,57.817,56.717,56.495,56.062,55.686,55.332,55.002,54.702,55.152,55.621,56.08,56.503,56.923,57.349,57.744,58.109,58.453,58.8,59.173,59.581,60.024,60.497,60.983,61.468,61.95,62.0,62.321,62.337,58.971,60.073,60.073,60.277,60.496
A,Annual,SVK,Slovak Republic,WB_HCP_EMP_2WAP_A,Labor force participation rate (%),PT,Percentage,1,One,WB_HCP,Human Capital Project,0,Units,A,Normal value,68.09,66.507,64.895,63.34,63.595,63.948,63.224,62.885,63.009,63.643,64.326,64.222,65.019,65.144,64.917,64.682,64.301,65.189,64.686,64.677,64.342,64.538,64.379,64.496,64.246,64.419,63.987,63.767,63.877,63.26,65.155,66.587,66.821,66.258
A,Annual,SVN,Slovenia,WB_HCP_EMP_2WAP_A,Labor force participation rate (%),PT,Percentage,1,One,WB_HCP,Human Capital Project,0,Units,A,Normal value,60.697,60.576,60.598,60.684,60.772,60.84,61.059,63.029,61.669,61.691,62.467,61.683,60.793,62.569,62.789,62.704,62.831,62.297,62.46,62.188,61.029,60.924,60.537,60.943,60.231,59.585,60.923,61.418,60.864,61.128,61.586,61.789,61.317,61.435
A,Annual,SWE,Sweden,WB_HCP_EMP_2WAP_A,Labor force participation rate (%),PT,Percentage,1,One,WB_HCP,Human Capital Project,0,Units,A,Normal value,66.361,65.725,64.998,64.305,64.906,64.683,64.356,63.627,64.243,63.563,64.401,64.663,64.667,64.813,65.166,65.532,65.835,65.941,65.699,65.494,65.719,65.934,66.095,66.059,66.225,66.526,67.001,67.32,67.381,67.502,67.65,67.727,68.282,68.305
A,Annual,SWZ,Eswatini,WB_HCP_EMP_2WAP_A,Labor force participation rate (%),PT,Percentage,1,One,WB_HCP,Human Capital Project,0,Units,A,Normal value,65.015,65.111,65.201,65.402,65.753,66.078,66.423,66.777,67.165,67.529,67.813,68.031,68.201,68.35,68.458,68.485,68.46,68.334,68.068,67.652,67.129,66.589,66.028,65.439,64.857,64.307,63.73,63.164,62.661,61.856,62.038,62.317,62.492,62.473
A,Annual,SYR,Syrian Arab Republic,WB_HCP_EMP_2WAP_A,Labor force participation rate (%),PT,Percentage,1,One,WB_HCP,Human Capital Project,0,Units,A,Normal value,54.86,54.657,54.801,53.719,52.555,53.033,53.372,53.886,55.287,56.663,55.19,53.723,52.261,52.165,52.015,51.8,50.039,49.687,49.264,49.137,50.343,44.49,42.656,42.8,43.111,43.578,44.112,44.644,45.118,43.701,43.999,46.094,46.434,46.339
A,Annual,TCD,Chad,WB_HCP_EMP_2WAP_A,Labor force participation rate (%),PT,Percentage,1,One,WB_HCP,Human Capital Project,0,Units,A,Normal value,81.833,81.742,81.67,81.407,81.096,80.702,80.238,79.803,79.426,79.035,78.628,78.251,77.913,77.589,77.262,76.97,76.737,76.471,76.117,75.762,75.465,75.163,74.814,74.43,74.029,73.632,73.199,72.713,72.802,72.163,71.99,72.602,72.704,72.591
A,Annual,TGO,Togo,WB_HCP_EMP_2WAP_A,Labor force participation rate (%),PT,Percentage,1,One,WB_HCP,Human Capital Project,0,Units,A,Normal value,75.606,75.683,75.762,75.847,75.907,75.994,76.055,76.074,76.06,76.011,75.895,75.773,75.652,75.523,75.393,75.259,75.117,74.973,74.828,74.684,74.536,74.39,74.258,74.157,74.08,74.016,73.969,73.935,73.901,73.159,73.622,73.922,74.013,74.016
A,Annual,THA,Thailand,WB_HCP_EMP_2WAP_A,Labor force participation rate (%),PT,Percentage,1,One,WB_HCP,Human Capital Project,0,Units,A,Normal value,78.271,78.195,78.077,77.939,78.43,78.923,79.286,78.346,77.863,77.909,78.327,78.556,78.744,78.941,79.33,78.974,79.422,79.122,78.188,77.132,78.87,78.572,75.901,75.512,74.85,73.61,72.715,72.78,71.868,71.824,71.7,72.274,71.513,70.824
A,Annual,TJK,Tajikistan,WB_HCP_EMP_2WAP_A,Labor force participation rate (%),PT,Percentage,1,One,WB_HCP,Human Capital Project,0,Units,A,Normal value,53.635,53.612,53.622,53.645,53.661,53.663,53.704,53.81,53.962,54.121,54.289,54.466,54.614,55.098,54.431,53.698,52.825,51.925,51.558,51.344,51.053,50.716,50.395,50.086,49.788,49.523,48.83,48.129,47.463,46.854,46.573,47.476,47.524,47.413
A,Annual,TKM,Turkmenistan,WB_HCP_EMP_2WAP_A,Labor force participation rate (%),PT,Percentage,1,One,WB_HCP,Human Capital Project,0,Units,A,Normal value,58.569,59.886,59.886,61.814,62.764,62.158,63.695,63.019,61.477,61.095,60.852,61.014,60.882,60.601,59.695,59.009,58.374,57.625,57.314,56.846,56.222,55.751,55.341,54.951,54.614,54.308,54.018,53.752,53.528,52.147,51.585,53.139,53.364,53.203
A,Annual,TLS,Timor-Leste,WB_HCP_EMP_2WAP_A,Labor force participation rate (%),PT,Percentage,1,One,WB_HCP,Human Capital Project,0,Units,A,Normal value,80.435,80.017,79.657,79.384,79.166,78.987,78.932,79.008,79.79,79.766,79.807,80.212,80.575,80.879,81.081,81.307,81.326,81.316,81.293,81.238,81.187,81.147,81.168,81.225,81.318,81.409,81.516,81.578,81.523,80.727,80.43,80.883,81.088,81.145
A,Annual,TON,Tonga,WB_HCP_EMP_2WAP_A,Labor force participation rate (%),PT,Percentage,1,One,WB_HCP,Human Capital Project,0,Units,A,Normal value,64.404,66.14,67.851,69.594,69.389,69.283,69.14,68.918,68.703,68.487,68.247,67.977,67.69,67.412,67.183,67.005,66.773,66.469,66.17,65.938,65.736,65.498,65.262,65.053,64.885,64.73,64.546,64.34,64.321,63.71,63.483,64.73,65.03,65.097
A,Annual,TTO,Trinidad and Tobago,WB_HCP_EMP_2WAP_A,Labor force participation rate (%),PT,Percentage,1,One,WB_HCP,Human Capital Project,0,Units,A,Normal value,61.2,61.873,61.786,62.746,63.512,63.614,64.235,64.85,64.487,64.801,64.505,65.211,65.523,66.829,67.17,67.084,66.561,66.913,66.179,64.752,63.742,64.86,64.249,65.114,63.392,62.848,62.013,61.249,60.451,58.925,57.612,57.86,58.011,58.075
A,Annual,TUN,Tunisia,WB_HCP_EMP_2WAP_A,Labor force participation rate (%),PT,Percentage,1,One,WB_HCP,Human Capital Project,0,Units,A,Normal value,51.093,51.055,51.276,51.459,51.992,52.516,53.031,52.813,52.582,52.335,52.07,51.786,51.485,51.165,50.828,51.367,51.361,51.704,52.373,52.121,52.044,51.627,51.533,51.733,51.871,51.241,50.996,50.781,50.675,48.507,48.578,51.036,51.456,51.391
A,Annual,TUR,Turkiye,WB_HCP_EMP_2WAP_A,Labor force participation rate (%),PT,Percentage,1,One,WB_HCP,Human Capital Project,0,Units,A,Normal value,57.754,57.353,53.95,56.164,56.497,55.925,54.85,55.585,55.142,52.882,52.808,52.909,52.051,49.44,49.55,48.761,48.637,49.218,50.211,51.588,52.733,53.114,53.803,53.418,54.048,54.763,55.513,55.737,55.212,51.974,53.805,55.355,55.592,55.554
A,Annual,TWN,"Taiwan, China",WB_HCP_EMP_2WAP_A,Labor force participation rate (%),PT,Percentage,1,One,WB_HCP,Human Capital Project,0,Units,A,Normal value,64.643,65.149,64.936,64.983,64.984,64.894,64.852,64.692,64.284,63.903,63.393,63.361,63.485,63.722,63.837,64.02,64.275,64.32,64.007,64.028,64.062,64.084,63.981,64.052,63.909,63.674,63.387,63.133,62.864,62.591,62.691,62.994,62.591,62.091
A,Annual,TZA,Tanzania,WB_HCP_EMP_2WAP_A,Labor force participation rate (%),PT,Percentage,1,One,WB_HCP,Human Capital Project,0,Units,A,Normal value,90.907,90.963,91.043,91.147,91.251,91.257,91.287,91.34,91.386,91.412,91.399,91.795,92.169,92.522,92.861,93.186,92.833,92.455,92.043,91.62,91.209,90.8,90.388,89.97,89.757,89.589,89.433,89.291,89.17,88.13,87.94,89.574,89.801,89.85
A,Annual,UGA,Uganda,WB_HCP_EMP_2WAP_A,Labor force participation rate (%),PT,Percentage,1,One,WB_HCP,Human Capital Project,0,Units,A,Normal value,78.558,78.639,78.693,78.737,78.795,78.863,78.944,79.047,79.17,79.322,79.506,79.72,79.957,80.215,80.489,80.768,81.048,81.331,81.606,81.858,82.069,82.239,82.006,81.741,81.448,81.12,80.762,80.887,81.01,80.057,80.828,81.071,80.954,80.803
A,Annual,UKR,Ukraine,WB_HCP_EMP_2WAP_A,Labor force participation rate (%),PT,Percentage,1,One,WB_HCP,Human Capital Project,0,Units,A,Normal value,64.447,64.183,63.92,63.663,63.405,63.125,62.834,62.579,62.352,62.113,61.87,61.631,61.375,61.089,60.764,60.414,60.843,60.692,60.495,60.293,60.079,59.867,59.669,59.487,59.32,59.159,59.025,58.93,58.868,57.987,57.629,,,
A,Annual,URY,Uruguay,WB_HCP_EMP_2WAP_A,Labor force participation rate (%),PT,Percentage,1,One,WB_HCP,Human Capital Project,0,Units,A,Normal value,58.518,58.523,57.271,58.265,59.413,61.106,61.251,61.4,60.393,60.73,62.066,61.186,60.744,61.147,61.087,64.076,65.965,66.484,67.341,66.893,68.821,68.121,67.648,68.973,68.359,68.2,67.872,67.356,67.376,65.37,66.959,67.121,67.603,66.628
A,Annual,USA,United States,WB_HCP_EMP_2WAP_A,Labor force participation rate (%),PT,Percentage,1,One,WB_HCP,Human Capital Project,0,Units,A,Normal value,65.807,66.069,65.936,66.227,66.348,66.683,67.094,66.991,67.152,67.238,67.133,67.027,66.931,66.755,66.901,67.061,67.085,67.199,66.814,66.336,65.72,65.545,65.033,64.695,64.508,64.614,64.638,64.732,64.897,63.664,63.264,63.602,63.915,63.253
A,Annual,UZB,Uzbekistan,WB_HCP_EMP_2WAP_A,Labor force participation rate (%),PT,Percentage,1,One,WB_HCP,Human Capital Project,0,Units,A,Normal value,67.751,69.081,69.437,70.14,70.425,70.497,70.255,70.126,69.96,69.877,69.759,69.649,69.49,69.026,68.578,68.069,67.439,66.888,66.451,66.159,65.846,65.471,65.077,64.693,64.258,63.867,63.541,63.154,62.756,61.457,61.537,61.966,61.91,61.749
A,Annual,VCT,St. Vincent and the Grenadines,WB_HCP_EMP_2WAP_A,Labor force participation rate (%),PT,Percentage,1,One,WB_HCP,Human Capital Project,0,Units,A,Normal value,64.957,65.264,65.789,65.626,66.227,66.293,66.541,66.822,66.97,67.008,67.031,67.393,67.846,68.033,68.098,68.533,68.667,68.684,68.444,68.122,68.013,68.03,68.072,68.069,68.071,68.088,68.03,68.04,67.941,65.874,66.618,67.801,68.08,68.042
A,Annual,VEN,"Venezuela, RB",WB_HCP_EMP_2WAP_A,Labor force participation rate (%),PT,Percentage,1,One,WB_HCP,Human Capital Project,0,Units,A,Normal value,70.688,70.739,70.82,70.891,70.95,71.013,71.053,71.095,71.078,71.12,71.177,71.06,70.811,71.207,71.347,72.308,72.03,71.968,71.889,71.945,71.844,71.273,70.912,70.539,70.156,69.75,69.117,67.837,63.847,58.665,58.848,61.903,63.323,64.17
A,Annual,VIR,Virgin Islands (U.S.),WB_HCP_EMP_2WAP_A,Labor force participation rate (%),PT,Percentage,1,One,WB_HCP,Human Capital Project,0,Units,A,Normal value,75.078,76.1,81.593,75.72,70.485,65.696,65.091,64.583,62.99,64.163,67.06,65.863,64.118,66.332,67.505,67.865,68.499,68.089,68.062,65.604,66.274,65.049,60.989,60.026,62.621,62.083,62.916,58.153,54.95,55.817,56.451,57.812,57.823,57.641
A,Annual,VNM,Viet Nam,WB_HCP_EMP_2WAP_A,Labor force participation rate (%),PT,Percentage,1,One,WB_HCP,Human Capital Project,0,Units,A,Normal value,78.77,78.717,78.676,78.633,78.593,78.559,77.892,78.322,79.3,79.218,78.128,78.163,78.001,77.362,78.62,79.832,80.993,81.193,81.408,82.161,82.684,82.761,82.854,82.633,82.243,81.832,81.116,80.599,79.942,77.967,79.008,79.56,78.778,78.197
A,Annual,VUT,Vanuatu,WB_HCP_EMP_2WAP_A,Labor force participation rate (%),PT,Percentage,1,One,WB_HCP,Human Capital Project,0,Units,A,Normal value,76.864,76.843,76.825,76.775,76.76,76.743,76.726,76.733,76.756,76.752,76.78,76.843,76.859,76.866,76.853,76.816,76.775,76.702,76.603,76.524,76.454,76.364,76.257,76.119,75.997,75.842,75.677,75.557,75.459,74.68,75.061,75.336,75.492,75.609
A,Annual,WSM,Samoa,WB_HCP_EMP_2WAP_A,Labor force participation rate (%),PT,Percentage,1,One,WB_HCP,Human Capital Project,0,Units,A,Normal value,59.921,59.847,59.779,59.704,59.608,59.496,59.374,59.238,59.097,58.94,58.784,58.65,58.532,58.428,58.349,58.322,58.335,58.39,58.465,58.528,58.58,58.618,58.628,58.62,58.58,58.504,58.409,58.322,58.232,57.626,57.761,58.714,58.866,58.829
A,Annual,YEM,"Yemen, Rep.",WB_HCP_EMP_2WAP_A,Labor force participation rate (%),PT,Percentage,1,One,WB_HCP,Human Capital Project,0,Units,A,Normal value,51.42,51.553,51.63,51.78,51.993,52.196,52.374,52.532,52.708,51.875,51.08,50.323,49.611,48.951,48.351,47.802,47.287,46.8,46.337,45.894,45.277,44.691,44.137,43.611,37.724,37.806,37.881,37.933,37.969,37.626,36.952,37.964,38.065,37.955
A,Annual,ZAF,South Africa,WB_HCP_EMP_2WAP_A,Labor force participation rate (%),PT,Percentage,1,One,WB_HCP,Human Capital Project,0,Units,A,Normal value,68.628,68.478,68.396,68.365,68.414,68.529,68.68,68.884,69.186,69.578,70.003,70.47,70.907,71.231,71.398,71.433,71.375,71.23,69.793,65.86,67.61,67.015,66.767,66.503,67.378,67.138,67.574,66.901,66.807,62.928,64.05,64.59,65.711,65.728
A,Annual,ZMB,Zambia,WB_HCP_EMP_2WAP_A,Labor force participation rate (%),PT,Percentage,1,One,WB_HCP,Human Capital Project,0,Units,A,Normal value,73.188,73.289,73.411,73.529,73.626,73.673,73.726,73.783,73.837,73.866,73.739,73.596,73.438,73.273,73.109,72.904,72.702,72.499,72.299,72.101,71.961,71.827,71.709,71.621,71.57,71.532,71.522,71.529,72.558,73.03,72.419,73.534,73.375,73.168
A,Annual,ZWE,Zimbabwe,WB_HCP_EMP_2WAP_A,Labor force participation rate (%),PT,Percentage,1,One,WB_HCP,Human Capital Project,0,Units,A,Normal value,74.651,74.922,75.238,75.615,76.04,76.433,76.805,77.142,77.467,77.77,77.892,77.966,77.923,77.722,77.349,76.967,76.486,75.941,75.411,74.929,74.546,74.276,74.127,74.067,74.077,74.104,74.179,74.278,74.385,73.595,74.425,75.024,75.077,75.07
